{"cameraMode":{"drawMode":0,"name":"Shaded","section":"Shading Mode"},"sceneLighting":true,"audioPlay":false,"sceneViewState":{"showFog":true,"showMaterialUpdate":false,"showSkybox":true,"showFlares":true,"showImageEffects":true,"showParticleSystems":true},"in2DMode":false,"pivot":{"x":120.06165313720703,"y":4.707546234130859,"z":125.44873809814453},"rotation":{"x":-0.2140485942363739,"y":-0.3774900734424591,"z":0.08999761939048767,"w":-0.8965484499931336},"size":46.68207550048828,"orthographic":false}