{"cameraMode":{"drawMode":0,"name":"Shaded","section":"Shading Mode"},"sceneLighting":false,"audioPlay":false,"sceneViewState":{"showFog":true,"showMaterialUpdate":false,"showSkybox":false,"showFlares":true,"showImageEffects":true,"showParticleSystems":true},"in2DMode":false,"pivot":{"x":96.91024780273438,"y":21.139999389648439,"z":100.17658996582031},"rotation":{"x":-0.03723456710577011,"y":0.9282081127166748,"z":-0.0967034325003624,"w":-0.3573664426803589},"size":2.8601293563842775,"orthographic":false}